index,radio,MCC,MNC,TAC,CID,unit,LON,LAT,RANGE,SAM,changeable,created,updated,averageSignal,Country,Network,Continent
12142742,GSM,525,1,63,452,0,103.827896,1.431656,1000,3,1,1459692344,1487379337,0,Singapore,SingTel,Asia
12142743,UMTS,525,1,315,20666852,0,103.625793,1.309433,1000,2,1,1370464837,1370464837,0,Singapore,SingTel,Asia
12142744,GSM,525,1,63,5143,0,103.838882,1.425247,1000,3,1,1380831294,1461549037,0,Singapore,SingTel,Asia
12142745,GSM,525,1,63,5142,0,103.838775,1.416006,1000,192,1,1380831294,1483700507,0,Singapore,SingTel,Asia
12142746,GSM,525,1,63,5171,0,103.8256072998,1.4261627197266,1000,1,1,1459671632,1459671632,0,Singapore,SingTel,Asia
12142747,LTE,525,1,748,187778823,0,103.744926,1.336899,1000,4,1,1460124881,1477153870,0,Singapore,SingTel,Asia
12142748,GSM,525,1,31,10333,0,103.799515,1.334702,8605,5,1,1223482635,1223482635,0,Singapore,SingTel,Asia
12142749,UMTS,525,1,305,20020472,0,103.780203,1.337385,8653,48,1,1223482646,1223482646,0,Singapore,SingTel,Asia
12142750,UMTS,525,1,305,20020471,0,103.779723,1.336818,1000,17,1,1223482654,1223482654,0,Singapore,SingTel,Asia
12142751,UMTS,525,1,305,20020513,0,103.780773,1.336818,1000,17,1,1223482654,1223482654,0,Singapore,SingTel,Asia
12142752,UMTS,525,1,305,20020512,0,103.787704,1.334921,1000,25,1,1223482646,1223482646,0,Singapore,SingTel,Asia
12142753,UMTS,525,1,305,20024773,0,103.793085,1.332717,1000,22,1,1223482646,1223482646,0,Singapore,SingTel,Asia
12142754,UMTS,525,1,305,20020502,0,103.79127502441,1.3327789306641,1000,1,1,1223482591,1223482591,0,Singapore,SingTel,Asia
12142755,UMTS,525,1,303,19888939,0,103.845602,1.32009,1000,25,1,1223502391,1238826249,0,Singapore,SingTel,Asia
12142756,UMTS,525,1,305,20020793,0,103.782839,1.302567,1000,7,1,1223482599,1223482599,0,Singapore,SingTel,Asia
12142757,UMTS,525,1,305,20020832,0,103.7816619873,1.3080596923828,1000,2,1,1223482591,1223482591,0,Singapore,SingTel,Asia
12142758,UMTS,525,1,303,19888961,0,103.845474,1.325867,1000,30,1,1223482624,1223482624,0,Singapore,SingTel,Asia
12142759,UMTS,525,1,303,19888890,0,103.842655,1.326315,1000,58,1,1223482624,1223482624,0,Singapore,SingTel,Asia
12142760,UMTS,525,1,303,19889250,0,103.837062,1.326848,1197,3525,1,1223502392,1239107581,0,Singapore,SingTel,Asia
12142761,GSM,525,1,31,10191,0,103.814621,1.332779,1000,2,1,1223482592,1223482592,0,Singapore,SingTel,Asia
12142762,UMTS,525,1,305,20024771,0,103.797777,1.33177,1000,49,1,1223482654,1223482654,0,Singapore,SingTel,Asia
12142763,UMTS,525,1,305,20021941,0,103.777313,1.328888,1000,12,1,1223482593,1223482593,0,Singapore,SingTel,Asia
12142764,UMTS,525,1,305,20021942,0,103.773537,1.323566,1070,120,1,1223502393,1239107425,0,Singapore,SingTel,Asia
12142765,UMTS,525,1,305,20022143,0,103.768714,1.314534,1000,7,1,1223482612,1223482612,0,Singapore,SingTel,Asia
12142766,UMTS,525,1,305,20022111,0,103.76792907715,1.3121795654297,1000,3,1,1223482597,1223482597,0,Singapore,SingTel,Asia
12142767,UMTS,525,1,305,20022113,0,103.767144,1.312278,1000,14,1,1223482608,1223482608,0,Singapore,SingTel,Asia
12142768,UMTS,525,1,305,20022121,0,103.764359,1.315063,1000,80,1,1223482632,1223482632,0,Singapore,SingTel,Asia
12142769,UMTS,525,1,305,20022122,0,103.764585,1.313762,1000,46,1,1223482632,1223482632,0,Singapore,SingTel,Asia
12142770,UMTS,525,1,305,20022112,0,103.77067565918,1.3121795654297,1000,1,1,1223482598,1223482598,0,Singapore,SingTel,Asia
12142771,UMTS,525,1,305,20020843,0,103.772555,1.311674,1000,19,1,1223502399,1239107469,0,Singapore,SingTel,Asia
12142772,UMTS,525,1,305,20020841,0,103.777199,1.31218,1000,12,1,1223502399,1239107469,0,Singapore,SingTel,Asia
12142773,UMTS,525,1,305,20020831,0,103.7816619873,1.3094329833984,1000,1,1,1223482599,1223482599,0,Singapore,SingTel,Asia
12142774,UMTS,525,1,305,20027263,0,103.784924,1.308231,1000,16,1,1223502399,1239107470,0,Singapore,SingTel,Asia
12142775,UMTS,525,1,305,20020822,0,103.7816619873,1.3039398193359,1000,1,1,1223482599,1223482599,0,Singapore,SingTel,Asia
12142776,UMTS,525,1,305,20020783,0,103.78440856934,1.3011932373047,1000,1,1,1223482599,1223482599,0,Singapore,SingTel,Asia
12142777,UMTS,525,1,305,20020791,0,103.78578186035,1.2998199462891,1000,2,1,1223482599,1223482599,0,Singapore,SingTel,Asia
12142778,UMTS,525,1,305,20020781,0,103.787212,1.302395,1000,24,1,1223482600,1223482600,0,Singapore,SingTel,Asia
12142779,UMTS,525,1,305,20020762,0,103.790275,1.304991,1000,81,1,1223502400,1239107472,0,Singapore,SingTel,Asia
12142780,UMTS,525,1,305,20020343,0,103.806506,1.317173,1000,11,1,1223482649,1223482649,0,Singapore,SingTel,Asia
12142781,UMTS,525,1,305,20020362,0,103.809438,1.320884,1000,62,1,1223482653,1223482653,0,Singapore,SingTel,Asia
12142782,UMTS,525,1,305,20020361,0,103.816583,1.3214,1000,14,1,1223502400,1239107218,0,Singapore,SingTel,Asia
12142783,UMTS,525,1,303,19887651,0,103.8311,1.319275,1000,6,1,1223482632,1223482632,0,Singapore,SingTel,Asia
12142784,UMTS,525,1,303,19889321,0,103.826218,1.31813,1000,36,1,1223502400,1239107400,0,Singapore,SingTel,Asia
12142785,UMTS,525,1,303,19895360,0,103.840103,1.312485,1000,9,1,1223482631,1223482631,0,Singapore,SingTel,Asia
12142786,UMTS,525,1,303,19895359,0,103.842636,1.311356,1000,5,1,1223482601,1223482601,0,Singapore,SingTel,Asia
12142787,UMTS,525,1,303,19887570,0,103.845362,1.310067,1000,13,1,1223502401,1238826267,0,Singapore,SingTel,Asia
12142788,UMTS,525,1,303,19887891,0,103.846893,1.308517,1000,12,1,1223502401,1238826283,0,Singapore,SingTel,Asia
12142789,UMTS,525,1,303,19887889,0,103.848953,1.306915,1000,12,1,1223482633,1223482633,0,Singapore,SingTel,Asia
12142790,UMTS,525,1,301,19756949,0,103.8517,1.307373,1000,2,1,1223482602,1223482602,0,Singapore,SingTel,Asia
12142791,UMTS,525,1,301,19756827,0,103.854275,1.31424,1000,8,1,1223482604,1223482604,0,Singapore,SingTel,Asia
12142792,UMTS,525,1,301,19756829,0,103.85376,1.314606,1000,30,1,1223482606,1223482606,0,Singapore,SingTel,Asia
12142793,UMTS,525,1,303,19888919,0,103.853073,1.316613,1000,35,1,1223482606,1223482606,0,Singapore,SingTel,Asia
12142794,UMTS,525,1,303,19888920,0,103.853073,1.315983,1000,13,1,1223482605,1223482605,0,Singapore,SingTel,Asia
12142795,UMTS,525,1,303,19888880,0,103.85307312012,1.3176727294922,1000,18,1,1223482604,1223482604,0,Singapore,SingTel,Asia
12142796,UMTS,525,1,303,19896499,0,103.85307312012,1.3162994384766,1000,5,1,1223482605,1223482605,0,Singapore,SingTel,Asia
12142797,UMTS,525,1,303,19888960,0,103.84895324707,1.3259124755859,1000,1,1,1223482606,1223482606,0,Singapore,SingTel,Asia
12142798,UMTS,525,1,305,20020352,0,103.827756,1.319779,1000,264,1,1223502406,1239107399,0,Singapore,SingTel,Asia
12142799,UMTS,525,1,305,20021953,0,103.76243591309,1.3341522216797,1000,3,1,1223482606,1223482606,0,Singapore,SingTel,Asia
12142800,UMTS,525,1,305,20021923,0,103.760834,1.334152,1000,6,1,1223482606,1223482606,0,Singapore,SingTel,Asia
12142801,UMTS,525,1,305,20027372,0,103.749132,1.332693,1056,16,1,1223482608,1223482608,0,Singapore,SingTel,Asia
12142802,UMTS,525,1,305,20022193,0,103.757531,1.325324,1000,7,1,1223482608,1223482608,0,Singapore,SingTel,Asia
12142803,UMTS,525,1,305,20021911,0,103.750351,1.328659,1000,5,1,1223482608,1223482608,0,Singapore,SingTel,Asia
12142804,UMTS,525,1,305,20021931,0,103.748016,1.331921,1000,8,1,1223482607,1223482607,0,Singapore,SingTel,Asia
12142805,UMTS,525,1,305,20021981,0,103.74733,1.335606,1000,17,1,1223482607,1223482607,0,Singapore,SingTel,Asia
12142806,GSM,525,1,31,1171,0,103.74732971191,1.3327789306641,1000,1,1,1223482608,1223482608,0,Singapore,SingTel,Asia
12142807,UMTS,525,1,305,20021913,0,103.74870300293,1.3300323486328,1000,1,1,1223482608,1223482608,0,Singapore,SingTel,Asia
12142808,UMTS,525,1,305,20022163,0,103.76243591309,1.3204193115234,1000,1,1,1223482608,1223482608,0,Singapore,SingTel,Asia
12142809,UMTS,525,1,305,20022162,0,103.76243591309,1.3190460205078,1000,1,1,1223482608,1223482608,0,Singapore,SingTel,Asia
12142810,UMTS,525,1,305,20022133,0,103.76243591309,1.3190460205078,1000,5,1,1223482608,1223482608,0,Singapore,SingTel,Asia
12142811,UMTS,525,1,305,20022192,0,103.7638092041,1.3190460205078,1000,2,1,1223482608,1223482608,0,Singapore,SingTel,Asia
12142812,UMTS,525,1,305,20022151,0,103.771318,1.319245,4968,62,1,1223502412,1239107424,0,Singapore,SingTel,Asia
12142813,UMTS,525,1,305,20020853,0,103.77456,1.319988,1000,35,1,1223502412,1239107424,0,Singapore,SingTel,Asia
12142814,UMTS,525,1,305,20020851,0,103.78176,1.319406,1000,42,1,1223502412,1239107424,0,Singapore,SingTel,Asia
12142815,UMTS,525,1,305,20020561,0,103.789627,1.334427,1000,5,1,1223482635,1223482635,0,Singapore,SingTel,Asia
12142816,UMTS,525,1,305,20020363,0,103.810959,1.323776,1000,9,1,1223482653,1223482653,0,Singapore,SingTel,Asia
12142817,UMTS,525,1,305,20020433,0,103.813997,1.321982,1000,196,1,1223502413,1239107221,0,Singapore,SingTel,Asia
12142818,UMTS,525,1,305,20020423,0,103.825769,1.321066,1000,17,1,1223502413,1239107222,0,Singapore,SingTel,Asia
12142819,UMTS,525,1,303,19889331,0,103.827438,1.320419,1000,3,1,1223482614,1223482614,0,Singapore,SingTel,Asia
12142820,UMTS,525,1,305,20026911,0,103.784203,1.325501,8508,20,1,1223482647,1223482647,0,Singapore,SingTel,Asia
12142821,UMTS,525,1,305,20022181,0,103.778118,1.325735,8122,31,1,1223502415,1239107425,0,Singapore,SingTel,Asia
12142822,UMTS,525,1,303,19888970,0,103.843346,1.320934,1000,24,1,1223502416,1239107584,0,Singapore,SingTel,Asia
12142823,UMTS,525,1,303,19888969,0,103.845634,1.323395,1000,24,1,1223482623,1223482623,0,Singapore,SingTel,Asia
12142824,UMTS,525,1,303,19889010,0,103.835809,1.326697,1000,14,1,1223482625,1223482625,0,Singapore,SingTel,Asia
12142825,UMTS,525,1,303,19888891,0,103.834763,1.326109,1000,21,1,1223502419,1239107565,0,Singapore,SingTel,Asia
12142826,UMTS,525,1,305,20020351,0,103.829513,1.326685,1000,32,1,1223502419,1239107399,0,Singapore,SingTel,Asia
12142827,UMTS,525,1,305,20020353,0,103.828354,1.327341,1160,99,1,1223502420,1239107047,0,Singapore,SingTel,Asia
12142828,UMTS,525,1,305,20020371,0,103.815088,1.333054,1000,50,1,1223482646,1223482646,0,Singapore,SingTel,Asia
12142829,UMTS,525,1,305,20020373,0,103.81324768066,1.3341522216797,1000,3,1,1223482621,1223482621,0,Singapore,SingTel,Asia
12142830,UMTS,525,1,305,20020461,0,103.811417,1.334305,1000,18,1,1223482627,1223482627,0,Singapore,SingTel,Asia
12142831,UMTS,525,1,305,20020463,0,103.805596,1.338272,1000,14,1,1223482627,1223482627,0,Singapore,SingTel,Asia
12142832,UMTS,525,1,305,20026903,0,103.801575,1.338272,1000,2,1,1223482621,1223482621,0,Singapore,SingTel,Asia
12142833,UMTS,525,1,305,20026901,0,103.800064,1.337173,1000,5,1,1223482627,1223482627,0,Singapore,SingTel,Asia
12142834,UMTS,525,1,303,19910119,0,103.84620666504,1.3259124755859,1000,1,1,1223482623,1223482623,0,Singapore,SingTel,Asia
12142835,UMTS,525,1,303,19888889,0,103.822498,1.349942,11585,1716,1,1223502424,1239107584,0,Singapore,SingTel,Asia
12142836,UMTS,525,1,303,19889011,0,103.834671,1.326324,1000,20,1,1223502424,1239107412,0,Singapore,SingTel,Asia
12142837,GSM,525,1,31,5321,0,103.81324768066,1.3341522216797,1000,2,1,1223482627,1223482627,0,Singapore,SingTel,Asia
12142838,UMTS,525,1,305,20020431,0,103.81831,1.321552,1000,188,1,1223502428,1239107222,0,Singapore,SingTel,Asia
12142839,UMTS,525,1,301,19756948,0,103.85032653809,1.3053131103516,1000,1,1,1223482628,1223482628,0,Singapore,SingTel,Asia
12142840,UMTS,525,1,301,19764239,0,103.85719299316,1.3025665283203,1000,1,1,1223482628,1223482628,0,Singapore,SingTel,Asia
12142841,UMTS,525,1,303,19895590,0,103.877716,1.308594,1000,18,1,1223502428,1239107437,0,Singapore,SingTel,Asia
12142842,UMTS,525,1,301,19765547,0,103.877792,1.303024,1000,3,1,1223482629,1223482629,0,Singapore,SingTel,Asia
12142843,UMTS,525,1,301,19765558,0,103.876419,1.301731,1000,23,1,1223482629,1223482629,0,Singapore,SingTel,Asia
12142844,UMTS,525,1,301,19757289,0,103.874468,1.295989,1000,38,1,1223502429,1239107688,0,Singapore,SingTel,Asia
12142845,UMTS,525,1,301,19756847,0,103.856506,1.300507,1000,4,1,1223502429,1239107628,0,Singapore,SingTel,Asia
12142846,UMTS,525,1,301,19756797,0,103.851013,1.304626,1000,4,1,1223482633,1223482633,0,Singapore,SingTel,Asia
12142847,UMTS,525,1,305,20020683,0,103.803881,1.312215,1000,39,1,1223482649,1223482649,0,Singapore,SingTel,Asia
12142848,UMTS,525,1,305,20020421,0,103.831787,1.319046,1000,2,1,1223482629,1223482629,0,Singapore,SingTel,Asia
12142849,UMTS,525,1,303,19889330,0,103.83891,1.316105,1000,134,1,1223502429,1239107226,0,Singapore,SingTel,Asia
12142850,UMTS,525,1,303,19887650,0,103.83659362793,1.3162994384766,1000,5,1,1223482630,1223482630,0,Singapore,SingTel,Asia
12142851,UMTS,525,1,303,19887649,0,103.83796691895,1.3149261474609,1000,1,1,1223482630,1223482630,0,Singapore,SingTel,Asia
12142852,UMTS,525,1,303,19888941,0,103.845141,1.315269,1000,152,1,1223502431,1239107586,0,Singapore,SingTel,Asia
12142853,UMTS,525,1,303,19887569,0,103.846138,1.313759,1000,20,1,1223502431,1239107227,0,Singapore,SingTel,Asia
12142854,UMTS,525,1,303,19896500,0,103.850643,1.308353,1000,295,1,1223502431,1239107591,0,Singapore,SingTel,Asia
12142855,UMTS,525,1,303,19888940,0,103.84927,1.314609,1000,13,1,1223502431,1238826259,0,Singapore,SingTel,Asia
12142856,UMTS,525,1,305,20022152,0,103.7720489502,1.3176727294922,1000,1,1,1223482631,1223482631,0,Singapore,SingTel,Asia
12142857,UMTS,525,1,305,20022153,0,103.76792907715,1.3176727294922,1000,1,1,1223482632,1223482632,0,Singapore,SingTel,Asia
12142858,UMTS,525,1,303,19895819,0,103.844548,1.316092,1000,53,1,1223502432,1239107227,0,Singapore,SingTel,Asia
12142859,UMTS,525,1,301,19756967,0,103.854484,1.303902,1000,109,1,1223502433,1239107593,0,Singapore,SingTel,Asia
12142860,UMTS,525,1,301,19756958,0,103.854996,1.297897,1000,5,1,1223502433,1239107628,0,Singapore,SingTel,Asia
12142861,UMTS,525,1,301,19776527,0,103.85444641113,1.2970733642578,1000,1,1,1223482633,1223482633,0,Singapore,SingTel,Asia
12142862,UMTS,525,1,301,19756898,0,103.858587,1.29222,1000,131,1,1223502433,1239107681,0,Singapore,SingTel,Asia
12142863,UMTS,525,1,301,19756897,0,103.85788,1.2957,1000,2,1,1223482633,1223482633,0,Singapore,SingTel,Asia
12142864,UMTS,525,1,301,19765077,0,103.859054,1.290163,1000,31,1,1223502433,1239107690,0,Singapore,SingTel,Asia
12142865,GSM,525,1,80,14716,0,103.85581970215,1.2902069091797,1000,3,1,1223482634,1223482634,0,Singapore,SingTel,Asia
12142866,GSM,525,1,80,4481,0,103.85581970215,1.2902069091797,1000,1,1,1223482634,1223482634,0,Singapore,SingTel,Asia
12142867,GSM,525,1,80,1562,0,103.85581970215,1.2902069091797,1000,1,1,1223482634,1223482634,0,Singapore,SingTel,Asia
12142868,UMTS,525,1,301,19756747,0,103.8516998291,1.2819671630859,1000,1,1,1223482634,1223482634,0,Singapore,SingTel,Asia
12142869,GSM,525,1,80,111,0,103.85307312012,1.2929534912109,1000,9,1,1223482634,1223482634,0,Singapore,SingTel,Asia
12142870,GSM,525,1,80,114,0,103.85307312012,1.2929534912109,1000,5,1,1223482634,1223482634,0,Singapore,SingTel,Asia
12142871,UMTS,525,1,301,19776677,0,103.85307312012,1.2929534912109,1000,6,1,1223482635,1223482635,0,Singapore,SingTel,Asia
12142872,UMTS,525,1,305,20022141,0,103.76655578613,1.3149261474609,1000,1,1,1223482635,1223482635,0,Singapore,SingTel,Asia
12142873,UMTS,525,1,305,20021943,0,103.776855,1.330032,1000,2,1,1223482635,1223482635,0,Singapore,SingTel,Asia
12142874,UMTS,525,1,305,20026362,0,103.804092,1.328049,1000,9,1,1223482653,1223482653,0,Singapore,SingTel,Asia
12142875,UMTS,525,1,301,19756807,0,103.85307312012,1.2929534912109,1000,1,1,1223482636,1223482636,0,Singapore,SingTel,Asia
12142876,UMTS,525,1,301,19756809,0,103.851185,1.29158,1000,24,1,1223502436,1239107678,0,Singapore,SingTel,Asia
12142877,UMTS,525,1,301,19756657,0,103.849411,1.289978,1000,6,1,1223482636,1223482636,0,Singapore,SingTel,Asia
12142878,UMTS,525,1,301,19756868,0,103.84895324707,1.2902069091797,1000,6,1,1223482637,1223482637,0,Singapore,SingTel,Asia
12142879,UMTS,525,1,301,19756467,0,103.846069,1.291443,1000,10,1,1223502437,1239107680,0,Singapore,SingTel,Asia
12142880,UMTS,525,1,301,19756469,0,103.842479,1.294065,1000,21,1,1223502437,1239107680,0,Singapore,SingTel,Asia
12142881,UMTS,525,1,303,19896139,0,103.84071350098,1.2957000732422,1000,3,1,1223482638,1223482638,0,Singapore,SingTel,Asia
12142882,UMTS,525,1,303,19887619,0,103.831312,1.295383,1000,13,1,1223482639,1223482639,0,Singapore,SingTel,Asia
12142883,UMTS,525,1,303,19887620,0,103.826664,1.293482,1000,13,1,1223482639,1223482639,0,Singapore,SingTel,Asia
12142884,UMTS,525,1,305,20020591,0,103.8256072998,1.2915802001953,1000,6,1,1223482639,1223482639,0,Singapore,SingTel,Asia
12142885,UMTS,525,1,305,20020592,0,103.825871,1.29026,1000,26,1,1223502439,1239107620,0,Singapore,SingTel,Asia
12142886,UMTS,525,1,305,20020593,0,103.823471,1.290665,1000,9,1,1223502439,1239107473,0,Singapore,SingTel,Asia
12142887,UMTS,525,1,305,20020632,0,103.815613,1.291428,1000,18,1,1223502439,1384242661,0,Singapore,SingTel,Asia
12142888,UMTS,525,1,305,20020633,0,103.811852,1.292075,1000,61,1,1223502440,1239107661,0,Singapore,SingTel,Asia
12142889,UMTS,525,1,305,20020672,0,103.806624,1.290045,1000,17,1,1223502440,1239107662,0,Singapore,SingTel,Asia
12142890,UMTS,525,1,305,20020653,0,103.803212,1.298235,1000,13,1,1223502440,1239107472,0,Singapore,SingTel,Asia
12142891,UMTS,525,1,305,20020891,0,103.801205,1.300454,1000,13,1,1223502441,1239107472,0,Singapore,SingTel,Asia
12142892,UMTS,525,1,305,20026312,0,103.801375,1.302389,1000,31,1,1223502441,1239107472,0,Singapore,SingTel,Asia
12142893,UMTS,525,1,305,20020682,0,103.802827,1.30814,1000,17,1,1223482642,1223482642,0,Singapore,SingTel,Asia
12142894,UMTS,525,1,305,20026313,0,103.80363464355,1.3108062744141,1000,5,1,1223482641,1223482641,0,Singapore,SingTel,Asia
12142895,UMTS,525,1,305,20027251,0,103.788803,1.316299,1000,5,1,1223482642,1223482642,0,Singapore,SingTel,Asia
12142896,UMTS,525,1,303,19889339,0,103.8338470459,1.3410186767578,1000,1,1,1223482646,1223482646,0,Singapore,SingTel,Asia
12142897,UMTS,525,1,303,19889009,0,103.84895324707,1.3286590576172,1000,1,1,1223482646,1223482646,0,Singapore,SingTel,Asia
12142898,UMTS,525,1,305,20020813,0,103.792305,1.313982,1000,16,1,1223482648,1223482648,0,Singapore,SingTel,Asia
12142899,UMTS,525,1,305,20020811,0,103.796376,1.312572,1000,7,1,1223482648,1223482648,0,Singapore,SingTel,Asia
12142900,UMTS,525,1,305,20027051,0,103.80638122559,1.3162994384766,1000,3,1,1223482649,1223482649,0,Singapore,SingTel,Asia
12142901,UMTS,525,1,305,20027053,0,103.80867,1.320267,1000,9,1,1223482653,1223482653,0,Singapore,SingTel,Asia
12142902,UMTS,525,1,305,20020451,0,103.810959,1.319962,1000,3,1,1223502452,1239107218,0,Singapore,SingTel,Asia
12142903,GSM,525,1,302,37971,0,103.93409729004,1.3451385498047,1000,7,1,1231733467,1231733467,0,Singapore,SingTel,Asia
12142904,GSM,525,1,302,34242,0,103.932724,1.347297,1000,14,1,1231742343,1231742343,0,Singapore,SingTel,Asia
12142905,GSM,525,1,302,34212,0,103.936844,1.346512,1000,2,1,1231742346,1231742346,0,Singapore,SingTel,Asia
12142906,GSM,525,1,302,34111,0,103.942612,1.346237,1000,10,1,1231742359,1231742359,0,Singapore,SingTel,Asia
12142907,GSM,525,1,302,34123,0,103.94233703613,1.3465118408203,1000,1,1,1231742353,1231742353,0,Singapore,SingTel,Asia
12142908,GSM,525,1,302,34083,0,103.946457,1.342392,1000,3,1,1231742362,1231742362,0,Singapore,SingTel,Asia
12142909,GSM,525,1,302,34063,0,103.9478302002,1.3396453857422,1000,1,1,1231742363,1231742363,0,Singapore,SingTel,Asia
12142910,GSM,525,1,302,34061,0,103.94920349121,1.3396453857422,1000,4,1,1231742368,1231742368,0,Singapore,SingTel,Asia
12142911,GSM,525,1,302,39291,0,103.94920349121,1.3382720947266,1000,1,1,1231742371,1231742371,0,Singapore,SingTel,Asia
12142912,GSM,525,1,302,38553,0,103.951035,1.336899,1000,3,1,1231742374,1231742374,0,Singapore,SingTel,Asia
12142913,GSM,525,1,302,38551,0,103.95332336426,1.3341522216797,1000,2,1,1231742376,1231742376,0,Singapore,SingTel,Asia
12142914,GSM,525,1,302,34031,0,103.955071,1.332529,1000,11,1,1231742586,1231742586,0,Singapore,SingTel,Asia
12142915,GSM,525,1,302,33903,0,103.959503,1.331749,1000,4,1,1231742421,1231742421,0,Singapore,SingTel,Asia
12142916,GSM,525,1,302,33901,0,103.963186,1.33565,1000,11,1,1231742478,1231742478,0,Singapore,SingTel,Asia
12142917,GSM,525,1,302,34043,0,103.964944,1.33711,1000,13,1,1231742588,1231742588,0,Singapore,SingTel,Asia
12142918,GSM,525,1,302,34041,0,103.966599,1.337814,1000,3,1,1231742462,1231742462,0,Singapore,SingTel,Asia
12142919,GSM,525,1,302,34042,0,103.96156311035,1.3355255126953,1000,1,1,1231742479,1231742479,0,Singapore,SingTel,Asia
12142920,GSM,525,1,302,35812,0,103.961906,1.352692,1909,4,1,1231742484,1231742484,0,Singapore,SingTel,Asia
12142921,GSM,525,1,302,35813,0,103.957901,1.362991,1000,3,1,1231742488,1231742488,0,Singapore,SingTel,Asia
12142922,GSM,525,1,302,38622,0,103.95332336426,1.3657379150391,1000,1,1,1231742489,1231742489,0,Singapore,SingTel,Asia
12142923,GSM,525,1,302,38441,0,103.95057678223,1.3657379150391,1000,1,1,1231742490,1231742490,0,Singapore,SingTel,Asia
12142924,GSM,525,1,302,38443,0,103.9478302002,1.3671112060547,1000,1,1,1231742491,1231742491,0,Singapore,SingTel,Asia
12142925,GSM,525,1,302,35962,0,103.945084,1.367798,1000,2,1,1231742494,1231742494,0,Singapore,SingTel,Asia
12142926,GSM,525,1,302,36022,0,103.940048,1.371231,1000,3,1,1231742497,1231742497,0,Singapore,SingTel,Asia
12142927,GSM,525,1,302,36023,0,103.934097,1.374664,1000,2,1,1231742499,1231742499,0,Singapore,SingTel,Asia
12142928,GSM,525,1,302,36041,0,103.93135070801,1.3767242431641,1000,1,1,1231742500,1231742500,0,Singapore,SingTel,Asia
12142929,GSM,525,1,302,36043,0,103.926315,1.37764,1000,3,1,1231742503,1231742503,0,Singapore,SingTel,Asia
12142930,GSM,525,1,302,39173,0,103.9217376709,1.3794708251953,1000,1,1,1231742504,1231742504,0,Singapore,SingTel,Asia
12142931,GSM,525,1,304,34431,0,103.91899108887,1.3808441162109,1000,1,1,1231742505,1231742505,0,Singapore,SingTel,Asia
12142932,GSM,525,1,304,36172,0,103.913727,1.386566,1000,6,1,1231742512,1231742512,0,Singapore,SingTel,Asia
12142933,GSM,525,1,304,36173,0,103.906174,1.393661,1000,3,1,1231742516,1231742516,0,Singapore,SingTel,Asia
12142934,GSM,525,1,304,36122,0,103.90525817871,1.3945770263672,1000,1,1,1231742515,1231742515,0,Singapore,SingTel,Asia
12142935,GSM,525,1,304,36123,0,103.900223,1.398239,1000,3,1,1231742519,1231742519,0,Singapore,SingTel,Asia
12142936,GSM,525,1,304,34523,0,103.895187,1.397324,1000,6,1,1231742526,1231742526,0,Singapore,SingTel,Asia
12142937,GSM,525,1,304,34501,0,103.893814,1.39595,1000,3,1,1231742529,1231742529,0,Singapore,SingTel,Asia
12142938,GSM,525,1,304,34503,0,103.89152526855,1.3973236083984,1000,2,1,1231742531,1231742531,0,Singapore,SingTel,Asia
12142939,GSM,525,1,304,38823,0,103.89015197754,1.3973236083984,1000,1,1,1231742532,1231742532,0,Singapore,SingTel,Asia
12142940,GSM,525,1,304,34473,0,103.886307,1.397598,1000,5,1,1231742539,1231742539,0,Singapore,SingTel,Asia
12142941,GSM,525,1,304,34513,0,103.880196,1.398354,1000,4,1,1231742542,1231742542,0,Singapore,SingTel,Asia
12142942,GSM,525,1,304,36111,0,103.872986,1.398783,1000,16,1,1231762343,1232185453,0,Singapore,SingTel,Asia
12142943,GSM,525,1,304,38521,0,103.872299,1.391115,1000,48,1,1231762345,1233008336,0,Singapore,SingTel,Asia
12142944,GSM,525,1,304,34443,0,103.874277,1.391666,1000,25,1,1231762350,1232934880,0,Singapore,SingTel,Asia
12142945,GSM,525,1,304,34442,0,103.875046,1.384621,1000,4,1,1231762354,1232934859,0,Singapore,SingTel,Asia
12142946,GSM,525,1,304,38522,0,103.868713,1.388474,1000,36,1,1232193187,1233008341,0,Singapore,SingTel,Asia
12142947,GSM,525,1,304,37681,0,103.86405944824,1.3890838623047,1000,1,1,1232173405,1232173405,0,Singapore,SingTel,Asia
12142948,GSM,525,1,304,37683,0,103.861923,1.387711,1000,9,1,1232193206,1233008343,0,Singapore,SingTel,Asia
12142949,GSM,525,1,304,33222,0,103.860092,1.390457,1000,18,1,1232193207,1233008347,0,Singapore,SingTel,Asia
12142950,GSM,525,1,304,33223,0,103.85719299316,1.3918304443359,1000,1,1,1232173413,1232173413,0,Singapore,SingTel,Asia
12142951,GSM,525,1,304,33211,0,103.852574,1.39183,1000,11,1,1232193214,1233008350,0,Singapore,SingTel,Asia
12142952,GSM,525,1,304,33213,0,103.847885,1.391525,1000,9,1,1232193219,1233008353,0,Singapore,SingTel,Asia
12142953,GSM,525,1,304,33191,0,103.845177,1.389771,1000,4,1,1232193221,1233008353,0,Singapore,SingTel,Asia
12142954,GSM,525,1,304,33193,0,103.840611,1.389256,1720,40,1,1232193224,1233008364,0,Singapore,SingTel,Asia
12142955,GSM,525,1,304,35933,0,103.830726,1.39645,1000,11,1,1232193242,1244094351,0,Singapore,SingTel,Asia
12142956,GSM,525,1,304,35882,0,103.828758,1.407664,1000,34,1,1232193246,1244094349,0,Singapore,SingTel,Asia
12142957,GSM,525,1,304,35852,0,103.823235,1.413304,1000,11,1,1232193263,1232922116,0,Singapore,SingTel,Asia
12142958,GSM,525,1,304,35853,0,103.818741,1.413803,1000,6,1,1232193266,1232922119,0,Singapore,SingTel,Asia
12142959,GSM,525,1,304,35901,0,103.812659,1.414588,1000,7,1,1232193270,1232922122,0,Singapore,SingTel,Asia
12142960,GSM,525,1,304,35902,0,103.806931,1.413116,1000,10,1,1232193275,1232922125,0,Singapore,SingTel,Asia
12142961,GSM,525,1,306,38082,0,103.801651,1.415634,1000,9,1,1232193278,1232922128,0,Singapore,SingTel,Asia
12142962,GSM,525,1,306,38071,0,103.792511,1.413528,1000,10,1,1232193283,1232922132,0,Singapore,SingTel,Asia
12142963,GSM,525,1,306,35871,0,103.786469,1.41243,1000,2,1,1232193289,1232922133,0,Singapore,SingTel,Asia
12142964,GSM,525,1,306,35872,0,103.782761,1.411057,1000,5,1,1232193290,1232922134,0,Singapore,SingTel,Asia
12142965,GSM,525,1,306,37331,0,103.776855,1.410713,1000,8,1,1232193293,1232922138,0,Singapore,SingTel,Asia
12142966,GSM,525,1,306,37333,0,103.772049,1.409855,1000,8,1,1232193298,1232922141,0,Singapore,SingTel,Asia
12142967,GSM,525,1,306,37332,0,103.773048,1.404565,1000,11,1,1232193300,1232922144,0,Singapore,SingTel,Asia
12142968,GSM,525,1,306,35431,0,103.774023,1.395779,1000,16,1,1232193306,1232922151,0,Singapore,SingTel,Asia
12142969,GSM,525,1,306,35383,0,103.766556,1.390457,1000,10,1,1232193314,1232922155,0,Singapore,SingTel,Asia
12142970,GSM,525,1,306,35311,0,103.769989,1.390457,1000,4,1,1232193316,1232922153,0,Singapore,SingTel,Asia
12142971,GSM,525,1,306,35343,0,103.760513,1.389633,1000,5,1,1232193321,1232922157,0,Singapore,SingTel,Asia
12142972,GSM,525,1,306,35421,0,103.75694274902,1.3890838623047,1000,3,1,1232193323,1232922158,0,Singapore,SingTel,Asia
12142973,GSM,525,1,306,36332,0,103.751587,1.389084,1000,10,1,1232193324,1232922162,0,Singapore,SingTel,Asia
12142974,GSM,525,1,306,36442,0,103.742638,1.387024,1000,12,1,1232193327,1232922166,0,Singapore,SingTel,Asia
12142975,GSM,525,1,306,36432,0,103.73909,1.383591,1000,2,1,1232185266,1232185266,0,Singapore,SingTel,Asia
12142976,GSM,525,1,306,36351,0,103.734695,1.380569,1000,5,1,1232193333,1232922168,0,Singapore,SingTel,Asia
12142977,GSM,525,1,306,36372,0,103.731537,1.378098,1000,2,1,1232193336,1232922168,0,Singapore,SingTel,Asia
12142978,GSM,525,1,306,36353,0,103.726326,1.373735,1030,17,1,1232193337,1232922174,0,Singapore,SingTel,Asia
12142979,GSM,525,1,306,37461,0,103.723297,1.371231,1000,2,1,1232185248,1232185248,0,Singapore,SingTel,Asia
12142980,GSM,525,1,306,37462,0,103.713341,1.367455,1000,16,1,1232193344,1232922179,0,Singapore,SingTel,Asia
12142981,GSM,525,1,306,37463,0,103.710594,1.366081,1000,4,1,1232193349,1232922178,0,Singapore,SingTel,Asia
12142982,GSM,525,1,306,34673,0,103.71373,1.357956,1000,30,1,1232193353,1232922194,0,Singapore,SingTel,Asia
12142983,GSM,525,1,306,34683,0,103.716774,1.356297,1000,8,1,1232193361,1232922191,0,Singapore,SingTel,Asia
12142984,GSM,525,1,306,34651,0,103.738403,1.36139,12374,12,1,1232193369,1233033081,0,Singapore,SingTel,Asia
12142985,GSM,525,1,306,34653,0,103.712723,1.351181,1000,15,1,1232193371,1232922197,0,Singapore,SingTel,Asia
12142986,GSM,525,1,306,34611,0,103.715229,1.349602,1000,8,1,1232193380,1232922197,0,Singapore,SingTel,Asia
12142987,GSM,525,1,306,34672,0,103.71711730957,1.3506317138672,1000,4,1,1232193387,1232922200,0,Singapore,SingTel,Asia
12142988,GSM,525,1,306,34633,0,103.718917,1.350063,1000,29,1,1232193391,1233033060,0,Singapore,SingTel,Asia
12142989,GSM,525,1,306,34632,0,103.720322,1.349144,1000,12,1,1232193403,1233033061,0,Singapore,SingTel,Asia
12142990,GSM,525,1,306,34631,0,103.721177,1.350154,1000,23,1,1232193405,1233033058,0,Singapore,SingTel,Asia
12142991,GSM,525,1,306,34593,0,103.71849060059,1.3506317138672,1000,1,1,1232185177,1232185177,0,Singapore,SingTel,Asia
12142992,GSM,525,1,306,34652,0,103.71492,1.349533,1000,10,1,1232204995,1232922199,0,Singapore,SingTel,Asia
12142993,GSM,525,1,306,35381,0,103.77388,1.392746,1000,3,1,1232205094,1232922147,0,Singapore,SingTel,Asia
12142994,GSM,525,1,306,36502,0,103.772049,1.420473,1000,7,1,1232185327,1232185327,0,Singapore,SingTel,Asia
12142995,GSM,525,1,306,37711,0,103.76930236816,1.4192962646484,1000,1,1,1232185320,1232185320,0,Singapore,SingTel,Asia
12142996,GSM,525,1,306,36572,0,103.77754211426,1.4261627197266,1000,1,1,1232185329,1232185329,0,Singapore,SingTel,Asia
12142997,GSM,525,1,306,36583,0,103.78028869629,1.4261627197266,1000,1,1,1232185330,1232185330,0,Singapore,SingTel,Asia
12142998,GSM,525,1,306,36582,0,103.7816619873,1.4261627197266,1000,1,1,1232185332,1232185332,0,Singapore,SingTel,Asia
12142999,GSM,525,1,306,35843,0,103.78624,1.426163,1000,3,1,1232185338,1232185338,0,Singapore,SingTel,Asia
12143000,GSM,525,1,306,35842,0,103.79631,1.421585,1000,6,1,1232185351,1232185351,0,Singapore,SingTel,Asia
12143001,GSM,525,1,306,36622,0,103.79676818848,1.4220428466797,1000,1,1,1232185346,1232185346,0,Singapore,SingTel,Asia
12143002,GSM,525,1,304,35923,0,103.810501,1.404648,1000,3,1,1232185368,1232185368,0,Singapore,SingTel,Asia
12143003,GSM,525,1,304,35922,0,103.813705,1.399155,1000,3,1,1232185374,1232185374,0,Singapore,SingTel,Asia
12143004,GSM,525,1,304,35833,0,103.816681,1.395264,1000,2,1,1232185378,1232185378,0,Singapore,SingTel,Asia
12143005,GSM,525,1,304,35831,0,103.824234,1.393478,1000,5,1,1232185387,1232185387,0,Singapore,SingTel,Asia
12143006,GSM,525,1,304,33373,0,103.83110046387,1.3932037353516,1000,1,1,1232185389,1232185389,0,Singapore,SingTel,Asia
12143007,GSM,525,1,304,35932,0,103.83522,1.39444,1000,10,1,1232205193,1244094353,0,Singapore,SingTel,Asia
12143008,GSM,525,1,304,35892,0,103.8311,1.40419,1408,5,1,1232205198,1244094347,0,Singapore,SingTel,Asia
12143009,GSM,525,1,304,35931,0,103.840714,1.39595,1000,2,1,1232205200,1244094355,0,Singapore,SingTel,Asia
12143010,GSM,525,1,304,38313,0,103.849827,1.397698,1000,11,1,1232205201,1244094360,0,Singapore,SingTel,Asia
12143011,GSM,525,1,304,36103,0,103.85856628418,1.4000701904297,1000,1,1,1232185417,1232185417,0,Singapore,SingTel,Asia
12143012,GSM,525,1,304,36112,0,103.865204,1.401443,1000,6,1,1232185428,1232185428,0,Singapore,SingTel,Asia
12143013,GSM,525,1,304,33203,0,103.858566,1.389084,1000,3,1,1232243900,1244094366,0,Singapore,SingTel,Asia
12143014,GSM,525,1,304,33163,0,103.858841,1.377548,1000,5,1,1232243906,1244094370,0,Singapore,SingTel,Asia
12143015,GSM,525,1,304,33141,0,103.85856628418,1.3753509521484,1000,1,1,1232224109,1232224109,0,Singapore,SingTel,Asia
12143016,GSM,525,1,304,33091,0,103.860626,1.370544,1000,2,1,1232224114,1232224114,0,Singapore,SingTel,Asia
12143017,GSM,525,1,304,33092,0,103.86131286621,1.3684844970703,1000,2,1,1232243915,1244094372,0,Singapore,SingTel,Asia
12143018,GSM,525,1,304,33021,0,103.85994,1.365738,1000,3,1,1232224120,1232224120,0,Singapore,SingTel,Asia
12143019,GSM,525,1,304,33001,0,103.858566,1.362076,1000,3,1,1232243921,1244094374,0,Singapore,SingTel,Asia
12143020,GSM,525,1,304,33002,0,103.857708,1.355782,1000,8,1,1232243923,1244094376,0,Singapore,SingTel,Asia
12143021,GSM,525,1,303,38381,0,103.857536,1.353378,1000,4,1,1232243928,1242547876,0,Singapore,SingTel,Asia
12143022,GSM,525,1,304,32962,0,103.858566,1.348572,1000,2,1,1232243930,1244094378,0,Singapore,SingTel,Asia
12143023,GSM,525,1,303,31693,0,103.85856628418,1.3478851318359,1000,1,1,1232224131,1232224131,0,Singapore,SingTel,Asia
12143024,GSM,525,1,303,31691,0,103.860397,1.344223,1000,3,1,1232224135,1232224135,0,Singapore,SingTel,Asia
12143025,GSM,525,1,303,31692,0,103.86131286621,1.3410186767578,1000,2,1,1232243936,1244094380,0,Singapore,SingTel,Asia
12143026,GSM,525,1,303,31573,0,103.862686,1.336441,1000,3,1,1232243937,1244094382,0,Singapore,SingTel,Asia
12143027,GSM,525,1,303,31591,0,103.86268615723,1.3368988037109,1000,1,1,1232224139,1232224139,0,Singapore,SingTel,Asia
12143028,GSM,525,1,303,31572,0,103.862929,1.330517,1000,17,1,1232243942,1244094708,0,Singapore,SingTel,Asia
12143029,GSM,525,1,303,31491,0,103.86092,1.326599,1000,14,1,1232243945,1244094710,0,Singapore,SingTel,Asia
12143030,GSM,525,1,303,31493,0,103.856997,1.322577,1000,14,1,1232243949,1244094712,0,Singapore,SingTel,Asia
12143031,GSM,525,1,303,39063,0,103.854571,1.319795,1000,11,1,1232243952,1244094716,0,Singapore,SingTel,Asia
12143032,GSM,525,1,303,31511,0,103.85582,1.31813,1000,3,1,1232243955,1244094718,0,Singapore,SingTel,Asia
12143033,GSM,525,1,303,31333,0,103.858292,1.316437,1000,10,1,1232243956,1244094396,0,Singapore,SingTel,Asia
12143034,GSM,525,1,303,31332,0,103.85939,1.314651,1000,5,1,1232243970,1244094277,0,Singapore,SingTel,Asia
12143035,GSM,525,1,301,31383,0,103.862228,1.311493,1000,6,1,1232243973,1244094402,0,Singapore,SingTel,Asia
12143036,GSM,525,1,301,31381,0,103.864517,1.309433,1000,6,1,1232243975,1242610639,0,Singapore,SingTel,Asia
12143037,GSM,525,1,303,38132,0,103.86405944824,1.3080596923828,1000,1,1,1232224179,1232224179,0,Singapore,SingTel,Asia
12143038,GSM,525,1,301,31023,0,103.865807,1.303066,1000,11,1,1232243980,1245838989,0,Singapore,SingTel,Asia
12143039,GSM,525,1,301,37904,0,103.86543273926,1.3053131103516,1000,1,1,1232224181,1232224181,0,Singapore,SingTel,Asia
12143040,GSM,525,1,301,31351,0,103.866806,1.303596,1000,4,1,1232243984,1244094406,0,Singapore,SingTel,Asia
12143041,GSM,525,1,301,30501,0,103.862561,1.299695,1000,11,1,1232243987,1245838993,0,Singapore,SingTel,Asia
12143042,GSM,525,1,301,30502,0,103.859116,1.297348,1000,5,1,1232243993,1244094802,0,Singapore,SingTel,Asia
12143043,GSM,525,1,301,30561,0,103.856678,1.295872,1000,8,1,1232243996,1245839002,0,Singapore,SingTel,Asia
12143044,GSM,525,1,301,30562,0,103.85582,1.293468,1000,8,1,1232243997,1246843335,0,Singapore,SingTel,Asia
12143045,GSM,525,1,301,30581,0,103.862,1.292953,1000,4,1,1232244003,1244094791,0,Singapore,SingTel,Asia
12143046,GSM,525,1,301,50253,0,103.85719299316,1.2929534912109,1000,1,1,1232224205,1232224205,0,Singapore,SingTel,Asia
12143047,GSM,525,1,301,30603,0,103.85856628418,1.2929534912109,1000,2,1,1232224207,1232224207,0,Singapore,SingTel,Asia
12143048,GSM,525,1,306,35382,0,103.77616882324,1.3904571533203,1000,1,1,1232922150,1232922150,0,Singapore,SingTel,Asia
12143049,GSM,525,1,306,36341,0,103.74046325684,1.3863372802734,1000,1,1,1232922164,1232922164,0,Singapore,SingTel,Asia
12143050,GSM,525,1,306,36343,0,103.73908996582,1.3849639892578,1000,1,1,1232922165,1232922165,0,Singapore,SingTel,Asia
12143051,GSM,525,1,306,37411,0,103.73497009277,1.3808441162109,1000,1,1,1232922167,1232922167,0,Singapore,SingTel,Asia
12143052,GSM,525,1,306,34643,0,103.723395,1.349455,1000,7,1,1232924369,1232924369,0,Singapore,SingTel,Asia
12143053,GSM,525,1,306,34583,0,103.72261,1.346512,1000,2,1,1232944164,1233033062,0,Singapore,SingTel,Asia
12143054,GSM,525,1,306,34543,0,103.720738,1.344889,1000,11,1,1232944165,1233033068,0,Singapore,SingTel,Asia
12143055,GSM,525,1,306,34541,0,103.72535705566,1.3465118408203,1000,1,1,1232924365,1232924365,0,Singapore,SingTel,Asia
12143056,GSM,525,1,306,34581,0,103.72535705566,1.3478851318359,1000,1,1,1232924366,1232924366,0,Singapore,SingTel,Asia
12143057,GSM,525,1,306,34603,0,103.72535705566,1.3478851318359,1000,1,1,1232924367,1232924367,0,Singapore,SingTel,Asia
12143058,GSM,525,1,306,34641,0,103.728104,1.350632,1000,3,1,1232924372,1232924372,0,Singapore,SingTel,Asia
12143059,GSM,525,1,306,34623,0,103.73085021973,1.3492584228516,1000,4,1,1232924375,1232924375,0,Singapore,SingTel,Asia
12143060,GSM,525,1,306,34622,0,103.73188,1.347198,1000,4,1,1232924378,1232924378,0,Singapore,SingTel,Asia
12143061,GSM,525,1,306,33523,0,103.735969,1.344764,1000,11,1,1232924391,1232924391,0,Singapore,SingTel,Asia
12143062,GSM,525,1,306,35232,0,103.73908996582,1.3451385498047,1000,1,1,1232924392,1232924392,0,Singapore,SingTel,Asia
12143063,GSM,525,1,306,35262,0,103.74115,1.345139,1000,2,1,1232924394,1232924394,0,Singapore,SingTel,Asia
12143064,GSM,525,1,306,35261,0,103.74458312988,1.3437652587891,1000,1,1,1232924395,1232924395,0,Singapore,SingTel,Asia
12143065,GSM,525,1,306,33531,0,103.7459564209,1.3437652587891,1000,1,1,1232924395,1232924395,0,Singapore,SingTel,Asia
12143066,GSM,525,1,306,33532,0,103.74870300293,1.3423919677734,1000,1,1,1232924397,1232924397,0,Singapore,SingTel,Asia
12143067,GSM,525,1,306,35242,0,103.750763,1.340332,1000,2,1,1232924399,1232924399,0,Singapore,SingTel,Asia
12143068,GSM,525,1,306,35172,0,103.75419616699,1.3382720947266,1000,1,1,1232924400,1232924400,0,Singapore,SingTel,Asia
12143069,GSM,525,1,305,33542,0,103.756943,1.337585,1000,2,1,1232924402,1232924402,0,Singapore,SingTel,Asia
12143070,GSM,525,1,305,33541,0,103.75968933105,1.3355255126953,1000,1,1,1232924402,1232924402,0,Singapore,SingTel,Asia
12143071,GSM,525,1,305,33443,0,103.76243591309,1.3341522216797,1000,1,1,1232924403,1232924403,0,Singapore,SingTel,Asia
12143072,GSM,525,1,305,33473,0,103.764496,1.332779,1000,2,1,1232924405,1232924405,0,Singapore,SingTel,Asia
12143073,GSM,525,1,305,33471,0,103.770332,1.333466,1000,4,1,1232924408,1232924408,0,Singapore,SingTel,Asia
12143074,GSM,525,1,305,31992,0,103.776169,1.336899,1000,3,1,1232924410,1232924410,0,Singapore,SingTel,Asia
12143075,GSM,525,1,305,31993,0,103.778915,1.340332,1000,2,1,1232924412,1232924412,0,Singapore,SingTel,Asia
12143076,GSM,525,1,305,31991,0,103.781662,1.342392,1000,2,1,1232924414,1232924414,0,Singapore,SingTel,Asia
12143077,GSM,525,1,305,32063,0,103.785782,1.344452,1000,2,1,1232924415,1232924415,0,Singapore,SingTel,Asia
12143078,GSM,525,1,305,32061,0,103.78852844238,1.3465118408203,1000,1,1,1232924416,1232924416,0,Singapore,SingTel,Asia
12143079,GSM,525,1,305,32092,0,103.790588,1.348572,1000,2,1,1232924418,1232924418,0,Singapore,SingTel,Asia
12143080,GSM,525,1,305,32091,0,103.79264831543,1.3492584228516,1000,1,1,1232924419,1232924419,0,Singapore,SingTel,Asia
12143081,GSM,525,1,305,38233,0,103.79539489746,1.3492584228516,1000,1,1,1232924420,1232924420,0,Singapore,SingTel,Asia
12143082,GSM,525,1,305,38231,0,103.798828,1.346169,1000,4,1,1232924423,1232924423,0,Singapore,SingTel,Asia
12143083,GSM,525,1,305,31983,0,103.805351,1.340332,1000,4,1,1232924426,1232924426,0,Singapore,SingTel,Asia
12143084,GSM,525,1,305,31981,0,103.810959,1.335526,1000,3,1,1232924429,1232924429,0,Singapore,SingTel,Asia
12143085,GSM,525,1,305,31891,0,103.817883,1.334753,1000,16,1,1232944230,1244094579,0,Singapore,SingTel,Asia
12143086,GSM,525,1,305,31892,0,103.82011413574,1.3300323486328,1000,1,1,1232924432,1232924432,0,Singapore,SingTel,Asia
12143087,GSM,525,1,305,31873,0,103.825264,1.328316,1000,4,1,1232924436,1232924436,0,Singapore,SingTel,Asia
12143088,GSM,525,1,305,31871,0,103.830643,1.326828,1000,3,1,1232944237,1241568812,0,Singapore,SingTel,Asia
12143089,GSM,525,1,303,31602,0,103.837509,1.327744,1000,3,1,1232924441,1232924441,0,Singapore,SingTel,Asia
12143090,GSM,525,1,303,31603,0,103.838654,1.328659,1000,2,1,1232944240,1234389498,0,Singapore,SingTel,Asia
12143091,GSM,525,1,303,31481,0,103.840291,1.329082,1000,13,1,1232944240,1234389497,0,Singapore,SingTel,Asia
12143092,GSM,525,1,303,31601,0,103.844833,1.330032,1000,3,1,1232944243,1241568739,0,Singapore,SingTel,Asia
12143093,GSM,525,1,303,31503,0,103.84964,1.330032,1000,2,1,1232924445,1232924445,0,Singapore,SingTel,Asia
12143094,GSM,525,1,303,31501,0,103.854446,1.329346,1000,2,1,1232924447,1232924447,0,Singapore,SingTel,Asia
12143095,GSM,525,1,303,31543,0,103.858566,1.330032,1000,3,1,1232944247,1241568662,0,Singapore,SingTel,Asia
12143096,GSM,525,1,303,31541,0,103.862457,1.330261,1000,6,1,1232944249,1244094706,0,Singapore,SingTel,Asia
12143097,GSM,525,1,303,31413,0,103.86743,1.328784,1000,11,1,1232944251,1234389418,0,Singapore,SingTel,Asia
12143098,GSM,525,1,303,31582,0,103.873672,1.329861,1000,8,1,1232944253,1234389414,0,Singapore,SingTel,Asia
12143099,GSM,525,1,303,31371,0,103.872437,1.325363,1000,20,1,1232944254,1242610554,0,Singapore,SingTel,Asia
12143100,GSM,525,1,303,30913,0,103.873476,1.32297,1000,7,1,1232944256,1241568605,0,Singapore,SingTel,Asia
12143101,GSM,525,1,303,38222,0,103.875046,1.316757,1000,3,1,1232924459,1232924459,0,Singapore,SingTel,Asia
12143102,GSM,525,1,303,31013,0,103.873901,1.312866,1000,6,1,1232944260,1242610631,0,Singapore,SingTel,Asia
12143103,GSM,525,1,303,31012,0,103.877792,1.313553,1000,6,1,1232944264,1242610606,0,Singapore,SingTel,Asia
12143104,GSM,525,1,303,31011,0,103.876877,1.316643,1000,12,1,1232934754,1232934754,0,Singapore,SingTel,Asia
12143105,GSM,525,1,303,30912,0,103.877518,1.316849,1000,5,1,1232934756,1232934756,0,Singapore,SingTel,Asia
12143106,GSM,525,1,303,30933,0,103.87916564941,1.3190460205078,1000,2,1,1232934758,1232934758,0,Singapore,SingTel,Asia
12143107,GSM,525,1,303,30922,0,103.881638,1.318497,1000,5,1,1232954559,1242610577,0,Singapore,SingTel,Asia
12143108,GSM,525,1,303,30923,0,103.880997,1.323013,1000,9,1,1232954561,1242610573,0,Singapore,SingTel,Asia
12143109,GSM,525,1,303,38221,0,103.879166,1.323715,1000,5,1,1232954565,1242610571,0,Singapore,SingTel,Asia
12143110,GSM,525,1,303,31082,0,103.880539,1.326599,1000,2,1,1232934770,1232934770,0,Singapore,SingTel,Asia
12143111,GSM,525,1,303,38403,0,103.877792,1.329346,1000,2,1,1232954570,1234240492,0,Singapore,SingTel,Asia
12143112,GSM,525,1,303,31451,0,103.879166,1.331131,1000,5,1,1232934777,1232934777,0,Singapore,SingTel,Asia
12143113,GSM,525,1,303,31453,0,103.87916564941,1.3327789306641,1000,4,1,1232954578,1242610527,0,Singapore,SingTel,Asia
12143114,GSM,525,1,303,31112,0,103.877792,1.33461,1000,3,1,1232934781,1232934781,0,Singapore,SingTel,Asia
12143115,GSM,525,1,303,31113,0,103.876419,1.337955,1000,13,1,1232954582,1242610525,0,Singapore,SingTel,Asia
12143116,GSM,525,1,303,31581,0,103.871675,1.34002,1000,11,1,1232954587,1242610512,0,Singapore,SingTel,Asia
12143117,GSM,525,1,303,32912,0,103.870926,1.342697,1000,9,1,1232954594,1242610500,0,Singapore,SingTel,Asia
12143118,GSM,525,1,303,32911,0,103.871155,1.345367,1000,6,1,1232954601,1242610489,0,Singapore,SingTel,Asia
12143119,GSM,525,1,304,32952,0,103.872986,1.348801,1000,18,1,1232954605,1242610473,0,Singapore,SingTel,Asia
12143120,GSM,525,1,304,32953,0,103.87229919434,1.3478851318359,1000,2,1,1232934809,1232934809,0,Singapore,SingTel,Asia
12143121,GSM,525,1,304,32941,0,103.873298,1.350881,1000,11,1,1232954617,1242610464,0,Singapore,SingTel,Asia
12143122,GSM,525,1,304,32982,0,103.872452,1.353226,1000,9,1,1232954619,1242610451,0,Singapore,SingTel,Asia
12143123,GSM,525,1,304,32983,0,103.873378,1.355831,1000,14,1,1232954621,1242547847,0,Singapore,SingTel,Asia
12143124,GSM,525,1,304,32991,0,103.873672,1.360931,1000,2,1,1232934832,1232934832,0,Singapore,SingTel,Asia
12143125,GSM,525,1,304,33032,0,103.874588,1.36528,1000,3,1,1232934836,1232934836,0,Singapore,SingTel,Asia
12143126,GSM,525,1,304,32993,0,103.87367248535,1.3643646240234,1000,1,1,1232934834,1232934834,0,Singapore,SingTel,Asia
12143127,GSM,525,1,304,33102,0,103.876419,1.369034,1000,5,1,1232934846,1232934846,0,Singapore,SingTel,Asia
12143128,GSM,525,1,304,33031,0,103.87641906738,1.3684844970703,1000,3,1,1232934844,1232934844,0,Singapore,SingTel,Asia
12143129,GSM,525,1,304,33101,0,103.87641906738,1.3712310791016,1000,1,1,1232934847,1232934847,0,Singapore,SingTel,Asia
12143130,GSM,525,1,304,35503,0,103.87641906738,1.3739776611328,1000,1,1,1232934848,1232934848,0,Singapore,SingTel,Asia
12143131,GSM,525,1,304,35492,0,103.876419,1.377274,1000,5,1,1232934853,1232934853,0,Singapore,SingTel,Asia
12143132,GSM,525,1,304,35493,0,103.876419,1.38176,1000,3,1,1232934858,1232934858,0,Singapore,SingTel,Asia
12143133,GSM,525,1,304,35883,0,103.83522,1.413116,1000,2,1,1233008382,1233008382,0,Singapore,SingTel,Asia
12143134,GSM,525,1,304,37852,0,103.836319,1.413803,1000,5,1,1233008386,1233008386,0,Singapore,SingTel,Asia
12143135,GSM,525,1,304,35893,0,103.83522033691,1.4138031005859,1000,1,1,1233008383,1233008383,0,Singapore,SingTel,Asia
12143136,GSM,525,1,306,34551,0,103.71574401855,1.3423919677734,1000,4,1,1233033069,1233033069,0,Singapore,SingTel,Asia
12143137,GSM,525,1,306,34552,0,103.71254,1.341476,1000,3,1,1233033072,1233033072,0,Singapore,SingTel,Asia
12143138,GSM,525,1,306,34572,0,103.71299743652,1.3423919677734,1000,1,1,1233033070,1233033070,0,Singapore,SingTel,Asia
12143139,GSM,525,1,306,34533,0,103.71162414551,1.3410186767578,1000,1,1,1233033071,1233033071,0,Singapore,SingTel,Asia
12143140,GSM,525,1,306,34721,0,103.709627,1.340644,1000,11,1,1233033077,1233033077,0,Singapore,SingTel,Asia
12143141,GSM,525,1,306,34562,0,103.70750427246,1.3396453857422,1000,1,1,1233033078,1233033078,0,Singapore,SingTel,Asia
12143142,GSM,525,1,302,37973,0,103.920364,1.345139,1000,3,1,1233191948,1233191948,0,Singapore,SingTel,Asia
12143143,GSM,525,1,302,32861,0,103.917618,1.343079,1000,2,1,1233191946,1233191946,0,Singapore,SingTel,Asia
12143144,GSM,525,1,302,32903,0,103.91716,1.340561,1000,3,1,1233191945,1233191945,0,Singapore,SingTel,Asia
12143145,GSM,525,1,302,32833,0,103.917618,1.336212,1000,2,1,1233191676,1233191676,0,Singapore,SingTel,Asia
12143146,GSM,525,1,302,32831,0,103.91954,1.33223,1000,5,1,1233191679,1233191679,0,Singapore,SingTel,Asia
12143147,GSM,525,1,302,32801,0,103.915787,1.33049,1000,3,1,1233191682,1233191682,0,Singapore,SingTel,Asia
12143148,GSM,525,1,302,32802,0,103.910751,1.327972,1000,2,1,1233191684,1233191684,0,Singapore,SingTel,Asia
12143149,GSM,525,1,302,32762,0,103.906631,1.326942,1000,4,1,1233211484,1244094536,0,Singapore,SingTel,Asia
12143150,GSM,525,1,302,31121,0,103.905258,1.327286,1000,2,1,1233211485,1244094531,0,Singapore,SingTel,Asia
12143151,GSM,525,1,302,31101,0,103.902054,1.324997,1000,3,1,1233191688,1233191688,0,Singapore,SingTel,Asia
12143152,GSM,525,1,302,31102,0,103.894272,1.323624,1000,3,1,1233211489,1242547793,0,Singapore,SingTel,Asia
12143153,GSM,525,1,303,31131,0,103.892212,1.323166,1000,2,1,1233211491,1241568496,0,Singapore,SingTel,Asia
12143154,GSM,525,1,303,31132,0,103.890915,1.322098,1000,9,1,1233211492,1242547795,0,Singapore,SingTel,Asia
12143155,GSM,525,1,303,31063,0,103.88237,1.321335,1000,3,1,1233211494,1241568546,0,Singapore,SingTel,Asia
12143156,GSM,525,1,303,30911,0,103.879852,1.320419,1000,2,1,1233191696,1233191696,0,Singapore,SingTel,Asia
12143157,GSM,525,1,303,31412,0,103.868768,1.32758,1000,14,1,1233211501,1234389417,0,Singapore,SingTel,Asia
12143158,GSM,525,1,303,39093,0,103.84964,1.317673,1000,6,1,1233211511,1234389424,0,Singapore,SingTel,Asia
12143159,GSM,525,1,303,30161,0,103.845832,1.314427,1000,11,1,1233211513,1234389432,0,Singapore,SingTel,Asia
12143160,GSM,525,1,303,30162,0,103.844584,1.311306,1000,11,1,1233211517,1234389435,0,Singapore,SingTel,Asia
12143161,GSM,525,1,303,50461,0,103.8414,1.307831,1000,6,1,1233211518,1234240617,0,Singapore,SingTel,Asia
12143162,GSM,525,1,303,30073,0,103.840256,1.30394,1000,3,1,1233211522,1234240438,0,Singapore,SingTel,Asia
12143163,GSM,525,1,303,30071,0,103.841891,1.297858,1156,7,1,1233211522,1234240613,0,Singapore,SingTel,Asia
12143164,GSM,525,1,301,50301,0,103.842087,1.292496,1000,3,1,1233211525,1234240605,0,Singapore,SingTel,Asia
12143165,GSM,525,1,301,30741,0,103.83934,1.287918,1507,9,1,1233211526,1234240604,0,Singapore,SingTel,Asia
12143166,GSM,525,1,301,30392,0,103.840027,1.29364,1000,2,1,1233191729,1233191729,0,Singapore,SingTel,Asia
12143167,GSM,525,1,301,30252,0,103.836594,1.284027,1000,4,1,1233211530,1234240599,0,Singapore,SingTel,Asia
12143168,GSM,525,1,301,30343,0,103.83522033691,1.2833404541016,1000,1,1,1233191731,1233191731,0,Singapore,SingTel,Asia
12143169,GSM,525,1,305,30681,0,103.831206,1.279854,1000,13,1,1233211532,1234240598,0,Singapore,SingTel,Asia
12143170,GSM,525,1,305,30673,0,103.82972717285,1.2792205810547,1000,1,1,1233191738,1233191738,0,Singapore,SingTel,Asia
12143171,GSM,525,1,305,30682,0,103.828506,1.279373,1000,9,1,1233211539,1244094603,0,Singapore,SingTel,Asia
12143172,GSM,525,1,305,30701,0,103.825982,1.280968,1000,11,1,1233211542,1244094608,0,Singapore,SingTel,Asia
12143173,GSM,525,1,305,30703,0,103.821357,1.282948,1000,21,1,1233211548,1244094612,0,Singapore,SingTel,Asia
12143174,GSM,525,1,305,32183,0,103.818588,1.283798,1000,9,1,1233211574,1234240579,0,Singapore,SingTel,Asia
12143175,GSM,525,1,305,30652,0,103.814346,1.284714,1000,5,1,1233191784,1233191784,0,Singapore,SingTel,Asia
12143176,GSM,525,1,305,30693,0,103.816452,1.281509,1000,3,1,1233211580,1234240662,0,Singapore,SingTel,Asia
12143177,GSM,525,1,305,38303,0,103.811417,1.286087,1000,3,1,1233191789,1233191789,0,Singapore,SingTel,Asia
12143178,GSM,525,1,305,30751,0,103.807755,1.284988,1000,5,1,1233191837,1233191837,0,Singapore,SingTel,Asia
12143179,GSM,525,1,305,30662,0,103.802261,1.285106,1000,14,1,1233211610,1234389562,0,Singapore,SingTel,Asia
12143180,GSM,525,1,305,37981,0,103.804459,1.287598,1000,10,1,1233211611,1234389557,0,Singapore,SingTel,Asia
12143181,GSM,525,1,305,32192,0,103.805923,1.288834,1000,3,1,1233211613,1234240258,0,Singapore,SingTel,Asia
12143182,GSM,525,1,305,37983,0,103.800583,1.291275,1000,9,1,1233211617,1244094159,0,Singapore,SingTel,Asia
12143183,GSM,525,1,305,30811,0,103.796082,1.290894,1000,2,1,1233191823,1233191823,0,Singapore,SingTel,Asia
12143184,GSM,525,1,305,30841,0,103.794655,1.289679,1000,13,1,1233211624,1244094593,0,Singapore,SingTel,Asia
12143185,GSM,525,1,305,30753,0,103.800888,1.284714,1000,2,1,1233211634,1234389559,0,Singapore,SingTel,Asia
12143186,GSM,525,1,305,38302,0,103.81050109863,1.2833404541016,1000,2,1,1233211638,1244094769,0,Singapore,SingTel,Asia
12143187,GSM,525,1,305,38301,0,103.814621,1.282654,1000,2,1,1233191840,1233191840,0,Singapore,SingTel,Asia
12143188,GSM,525,1,305,30642,0,103.818192,1.281693,1000,5,1,1233211642,1244094771,0,Singapore,SingTel,Asia
12143189,GSM,525,1,305,30713,0,103.820114,1.279564,1000,4,1,1233211643,1244094773,0,Singapore,SingTel,Asia
12143190,GSM,525,1,305,30711,0,103.825951,1.277847,1000,4,1,1233211645,1244094616,0,Singapore,SingTel,Asia
12143191,GSM,525,1,305,30672,0,103.829923,1.274512,1000,7,1,1233211647,1244094775,0,Singapore,SingTel,Asia
12143192,GSM,525,1,301,30723,0,103.83316,1.272354,1000,2,1,1233211668,1234240087,0,Singapore,SingTel,Asia
12143193,GSM,525,1,301,30721,0,103.83522033691,1.2723541259766,1000,1,1,1233191869,1233191869,0,Singapore,SingTel,Asia
12143194,GSM,525,1,10,3921,0,103.83796691895,1.2723541259766,1000,1,1,1233191870,1233191870,0,Singapore,SingTel,Asia
12143195,GSM,525,1,10,5283,0,103.84071350098,1.2723541259766,1000,1,1,1233191871,1233191871,0,Singapore,SingTel,Asia
12143196,GSM,525,1,301,30311,0,103.84449,1.272354,1000,4,1,1233211671,1234240096,0,Singapore,SingTel,Asia
12143197,GSM,525,1,301,30353,0,103.846664,1.272354,1000,3,1,1233211692,1244094624,0,Singapore,SingTel,Asia
12143198,GSM,525,1,301,30352,0,103.850498,1.274586,1000,8,1,1233211693,1244094626,0,Singapore,SingTel,Asia
12143199,GSM,525,1,301,38943,0,103.857193,1.277651,1000,7,1,1233211695,1244094784,0,Singapore,SingTel,Asia
12143200,GSM,525,1,301,38941,0,103.861038,1.282242,1000,5,1,1233211699,1234240109,0,Singapore,SingTel,Asia
12143201,GSM,525,1,301,30582,0,103.861313,1.286774,1000,6,1,1233211719,1244094788,0,Singapore,SingTel,Asia
12143202,GSM,525,1,301,37552,0,103.860764,1.293503,1000,5,1,1233211722,1234240121,0,Singapore,SingTel,Asia
12143203,GSM,525,1,301,30952,0,103.87207,1.295471,1000,6,1,1233211726,1244094644,0,Singapore,SingTel,Asia
12143204,GSM,525,1,301,30971,0,103.87092590332,1.2957000732422,1000,1,1,1233191928,1233191928,0,Singapore,SingTel,Asia
12143205,GSM,525,1,302,31151,0,103.89701843262,1.3396453857422,1000,1,1,1233191931,1233191931,0,Singapore,SingTel,Asia
12143206,GSM,525,1,302,33842,0,103.897629,1.340408,1000,9,1,1233211732,1244094234,0,Singapore,SingTel,Asia
12143207,GSM,525,1,302,33831,0,103.892506,1.342784,1000,14,1,1233211737,1244094246,0,Singapore,SingTel,Asia
12143208,GSM,525,1,302,32883,0,103.902512,1.33873,1000,3,1,1233191940,1233191940,0,Singapore,SingTel,Asia
12143209,GSM,525,1,302,32863,0,103.908005,1.337585,1000,2,1,1233191942,1233191942,0,Singapore,SingTel,Asia
12143210,GSM,525,1,302,32871,0,103.913498,1.339645,1000,3,1,1233191945,1233191945,0,Singapore,SingTel,Asia
12143211,GSM,525,1,302,32893,0,103.92448425293,1.3478851318359,1000,1,1,1233191949,1233191949,0,Singapore,SingTel,Asia
12143212,GSM,525,1,302,34233,0,103.925858,1.350403,1000,6,1,1233191954,1233191954,0,Singapore,SingTel,Asia
12143213,UMTS,525,1,304,19958876,0,103.833798,1.393694,1000,28,1,1233981013,1239107416,0,Singapore,SingTel,Asia
12143214,UMTS,525,1,304,19958877,0,103.830444,1.396906,1000,23,1,1233981017,1239107417,0,Singapore,SingTel,Asia
12143215,UMTS,525,1,304,19958836,0,103.827438,1.405411,1000,9,1,1233981021,1239107419,0,Singapore,SingTel,Asia
12143216,UMTS,525,1,304,19958826,0,103.828354,1.407776,1000,18,1,1233981024,1239107417,0,Singapore,SingTel,Asia
12143217,UMTS,525,1,304,19958796,0,103.822861,1.413345,1000,3,1,1233961234,1233961234,0,Singapore,SingTel,Asia
12143218,UMTS,525,1,304,19958797,0,103.818054,1.413803,1000,2,1,1233961236,1233961236,0,Singapore,SingTel,Asia
12143219,UMTS,525,1,304,19958845,0,103.812218,1.41449,1000,4,1,1233961240,1233961240,0,Singapore,SingTel,Asia
12143220,UMTS,525,1,304,19958846,0,103.808029,1.409958,1000,10,1,1233981041,1289951954,0,Singapore,SingTel,Asia
12143221,UMTS,525,1,306,20092098,0,103.803635,1.415426,1000,11,1,1233981044,1289951958,0,Singapore,SingTel,Asia
12143222,UMTS,525,1,306,20092087,0,103.792992,1.413803,1000,4,1,1233961250,1233961250,0,Singapore,SingTel,Asia
12143223,UMTS,525,1,306,20091327,0,103.78715515137,1.4124298095703,1000,1,1,1233961251,1233961251,0,Singapore,SingTel,Asia
12143224,UMTS,525,1,306,20091347,0,103.778915,1.411057,1000,4,1,1233961257,1233961257,0,Singapore,SingTel,Asia
12143225,UMTS,525,1,306,20089888,0,103.782349,1.411057,1000,2,1,1233961254,1233961254,0,Singapore,SingTel,Asia
12143226,UMTS,525,1,306,20091349,0,103.771774,1.410507,1000,10,1,1233981058,1239107547,0,Singapore,SingTel,Asia
12143227,UMTS,525,1,306,20091348,0,103.772392,1.406937,1000,8,1,1233981062,1239107547,0,Singapore,SingTel,Asia
12143228,UMTS,525,1,306,20089447,0,103.773734,1.398198,1000,22,1,1233981066,1239107547,0,Singapore,SingTel,Asia
12143229,UMTS,525,1,306,20089398,0,103.77342224121,1.3973236083984,1000,1,1,1233961268,1233961268,0,Singapore,SingTel,Asia
12143230,UMTS,525,1,306,20089397,0,103.772834,1.391144,1000,14,1,1233981074,1239107547,0,Singapore,SingTel,Asia
12143231,UMTS,525,1,306,20089399,0,103.766345,1.390457,1000,26,1,1233981075,1239107547,0,Singapore,SingTel,Asia
12143232,UMTS,525,1,306,20089359,0,103.761406,1.389942,1000,8,1,1233981077,1239107546,0,Singapore,SingTel,Asia
12143233,UMTS,525,1,306,20089437,0,103.758469,1.389084,1000,9,1,1233981081,1239107546,0,Singapore,SingTel,Asia
12143234,UMTS,525,1,306,20090378,0,103.75419616699,1.3890838623047,1000,1,1,1233961281,1233961281,0,Singapore,SingTel,Asia
12143235,UMTS,525,1,306,20090348,0,103.753979,1.389084,1000,19,1,1233981082,1239107546,0,Singapore,SingTel,Asia
12143236,UMTS,525,1,306,20090458,0,103.746331,1.389292,1025,33,1,1233981084,1239107546,0,Singapore,SingTel,Asia
12143237,UMTS,525,1,306,20090367,0,103.73291,1.378784,1000,2,1,1233961292,1233961292,0,Singapore,SingTel,Asia
12143238,UMTS,525,1,306,20090369,0,103.724442,1.372238,1000,15,1,1233981093,1239107545,0,Singapore,SingTel,Asia
12143239,UMTS,525,1,306,20091478,0,103.716705,1.368347,1054,10,1,1233981099,1239107545,0,Singapore,SingTel,Asia
12143240,UMTS,525,1,306,20091479,0,103.71048,1.366653,1000,12,1,1233981101,1239107545,0,Singapore,SingTel,Asia
